"id","total"
"10",0.125646844262198
"100",0.212234894265622
"15",0.188391578105114
"20",0.251071656776281
"25",0.313674814662413
"30",0.376185367702425
"35",0.438583367182678
"40",0.500844169536424
"45",0.562939761803986
"5",0.0628470988648661
"50",0.62484419956926
"55",0.686538331949379
"60",0.747911867877776
"65",0.551421060963219
"70",0.352022101652715
"75",0.289209232032191
"80",0.267328223073067
"85",0.248065125990493
"90",0.228781608311909
"95",0.230607633853949
