"key_variable","s1","s2"
"No CC",16.4499969895179,0.00659065300804388
