"key_variable","s1","s2"
"No CC",63.5624747916217,0.0258334917291572
