"id","s1","s2"
"095",0,0.533333333333333
"096",0,0.333333333333333
"097",0,0.133333333333333
"098",0,0.133333333333333
"099",0,0.1
"100",0,0.1
