"id","s1","s2","s3","s4","s5","s6","s7","s8","s9"
"1",0.966666666666667,0.833333333333333,0.833333333333333,0.8,0.9,0.9,0.9,0.9,0.879166666666667
"2",0.933333333333333,0.833333333333333,0.833333333333333,0.8,0.9,0.9,0.866666666666667,0.9,0.870833333333333
"3",0.933333333333333,0.833333333333333,0.833333333333333,0.8,0.9,0.9,0.833333333333333,0.866666666666667,0.8625
"4",0.933333333333333,0.833333333333333,0.833333333333333,0.8,0.9,0.9,0.8,0.866666666666667,0.858333333333333
"5",0.933333333333333,0.833333333333333,0.833333333333333,0.8,0.9,0.9,0.733333333333333,0.866666666666667,0.85
"6",0.933333333333333,0.833333333333333,0.833333333333333,0.8,0.9,0.9,0.666666666666667,0.833333333333333,0.8375
"7",0.933333333333333,0.833333333333333,0.833333333333333,0.8,0.9,0.9,0.533333333333333,0.833333333333333,0.820833333333333
"8",0.9,0.833333333333333,0.833333333333333,0.8,0.9,0.9,0.3,0.8,0.783333333333333
