"id","s1","s2","s3","s4","s5","s6","s7","s8","s9"
"1",0.935483870967742,0.806451612903226,0.806451612903226,0.774193548387097,0.870967741935484,0.870967741935484,0.870967741935484,0.870967741935484,0.850806451612903
"2",0.903225806451613,0.806451612903226,0.806451612903226,0.774193548387097,0.870967741935484,0.870967741935484,0.838709677419355,0.870967741935484,0.842741935483871
"3",0.903225806451613,0.806451612903226,0.806451612903226,0.774193548387097,0.870967741935484,0.870967741935484,0.806451612903226,0.838709677419355,0.834677419354839
"4",0.903225806451613,0.806451612903226,0.806451612903226,0.774193548387097,0.870967741935484,0.870967741935484,0.774193548387097,0.838709677419355,0.830645161290323
"5",0.903225806451613,0.806451612903226,0.806451612903226,0.774193548387097,0.870967741935484,0.870967741935484,0.709677419354839,0.838709677419355,0.82258064516129
"6",0.903225806451613,0.806451612903226,0.806451612903226,0.774193548387097,0.870967741935484,0.870967741935484,0.645161290322581,0.806451612903226,0.810483870967742
"7",0.903225806451613,0.806451612903226,0.806451612903226,0.774193548387097,0.870967741935484,0.870967741935484,0.516129032258065,0.806451612903226,0.794354838709677
"8",0.870967741935484,0.806451612903226,0.806451612903226,0.774193548387097,0.870967741935484,0.870967741935484,0.290322580645161,0.774193548387097,0.758064516129032
