"id","s1","s2","s3","s4","s5","s6","s7","s8","s9","total","fraction"
"1",0.935483870967742,0.806451612903226,0.806451612903226,0.774193548387097,0.870967741935484,0.870967741935484,0.870967741935484,0.870967741935484,0.850806451612903,0.0138223720001548,1
"2",0.903225806451613,0.806451612903226,0.806451612903226,0.774193548387097,0.870967741935484,0.870967741935484,0.838709677419355,0.870967741935484,0.842741935483871,0.0274396261857289,2
"3",0.903225806451613,0.806451612903226,0.806451612903226,0.774193548387097,0.870967741935484,0.870967741935484,0.806451612903226,0.838709677419355,0.834677419354839,0.0407895975496066,3
"4",0.903225806451613,0.806451612903226,0.806451612903226,0.774193548387097,0.870967741935484,0.870967741935484,0.774193548387097,0.838709677419355,0.830645161290323,0.0537741242370313,4
"5",0.903225806451613,0.806451612903226,0.806451612903226,0.774193548387097,0.870967741935484,0.870967741935484,0.709677419354839,0.838709677419355,0.82258064516129,0.0662269287565468,5
"6",0.903225806451613,0.806451612903226,0.806451612903226,0.774193548387097,0.870967741935484,0.870967741935484,0.645161290322581,0.806451612903226,0.810483870967742,0.077841464025947,6
"7",0.903225806451613,0.806451612903226,0.806451612903226,0.774193548387097,0.870967741935484,0.870967741935484,0.516129032258065,0.806451612903226,0.794354838709677,0.0879950614956192,7
"8",0.870967741935484,0.806451612903226,0.806451612903226,0.774193548387097,0.870967741935484,0.870967741935484,0.290322580645161,0.774193548387097,0.758064516129032,0.0953140079746108,8
