"id","s1","s2","s3","s4","s5","s6","s7","s8","s9","total","fraction"
"1",0.966666666666667,0.833333333333333,0.833333333333333,0.8,0.9,0.9,0.9,0.9,0.879166666666667,0.0138223720001548,1
"2",0.933333333333333,0.833333333333333,0.833333333333333,0.8,0.9,0.9,0.866666666666667,0.9,0.870833333333333,0.0274396261857289,2
"3",0.933333333333333,0.833333333333333,0.833333333333333,0.8,0.9,0.9,0.833333333333333,0.866666666666667,0.8625,0.0407895975496066,3
"4",0.933333333333333,0.833333333333333,0.833333333333333,0.8,0.9,0.9,0.8,0.866666666666667,0.858333333333333,0.0537741242370313,4
"5",0.933333333333333,0.833333333333333,0.833333333333333,0.8,0.9,0.9,0.733333333333333,0.866666666666667,0.85,0.0662269287565468,5
"6",0.933333333333333,0.833333333333333,0.833333333333333,0.8,0.9,0.9,0.666666666666667,0.833333333333333,0.8375,0.077841464025947,6
"7",0.933333333333333,0.833333333333333,0.833333333333333,0.8,0.9,0.9,0.533333333333333,0.833333333333333,0.820833333333333,0.0879950614956192,7
"8",0.9,0.833333333333333,0.833333333333333,0.8,0.9,0.9,0.3,0.8,0.783333333333333,0.0953140079746108,8
